symbol,entry_date,exit_date,bars_held,entry_price,exit_price,return_pct,pnl_usd,win,exit_reason,divergences_at_entry,entry_trend_weekly,entry_trend_daily
PM,2016-09-27,2016-09-30,3,61.9315,61.0069,-0.01493,-149.29,0,signal,cmf,neutral,bearish
DRI,2016-09-28,2016-09-29,1,46.5559,46.1745,-0.00819,-81.94,0,signal,rsi|macd|obv|mfi|cmf,neutral,bearish
KHC,2016-10-04,2016-10-14,8,56.8753,55.4665,-0.02477,-247.69,0,signal,rsi|obv|cmf,neutral,bullish
CVX,2016-10-05,2016-10-25,14,67.5789,66.5573,-0.01512,-151.17,0,signal,rsi,neutral,neutral
CHRW,2016-10-18,2016-10-19,1,55.3583,55.0968,-0.00472,-47.25,0,signal,obv|cmf,neutral,neutral
KHC,2016-10-26,2016-10-28,2,56.3784,55.5555,-0.0146,-145.98,0,signal,rsi|macd|obv|mfi|cmf,neutral,bullish
KHC,2016-11-03,2016-11-04,1,56.1301,52.0943,-0.0719,-718.99,0,signal,rsi|macd|obv|mfi|cmf,neutral,neutral
CHRW,2016-11-09,2016-12-19,27,56.0144,58.6159,0.04644,464.43,1,signal,obv,neutral,neutral
CDNS,2016-11-17,2017-02-15,60,25.8487,29.5157,0.14186,1418.62,1,max_hold,obv,bullish,bullish
CAG,2016-12-01,2017-03-01,60,25.0783,28.5715,0.13929,1392.92,1,max_hold,obv|cmf,neutral,bullish
DTE,2016-12-01,2016-12-09,6,57.5781,59.7704,0.03807,380.74,1,signal,cmf,neutral,bearish
MO,2016-12-02,2017-03-02,60,32.1994,38.857,0.20676,2067.62,1,max_hold,cmf,bearish,bearish
WMT,2016-12-06,2016-12-23,13,19.8241,19.7412,-0.00418,-41.78,0,signal,obv|cmf,bearish,neutral
MTD,2016-12-09,2017-01-20,27,419.318,415.9152,-0.00812,-81.15,0,signal,mfi|cmf,bullish,bullish
FIS,2016-12-20,2017-03-20,60,63.9501,68.7414,0.07492,749.22,1,max_hold,obv|mfi|cmf,bullish,neutral
GIS,2016-12-21,2017-01-04,8,43.2195,43.532,0.00723,72.31,1,signal,rsi|macd|cmf,bearish,bearish
DHR,2016-12-22,2017-01-03,6,66.2164,66.3258,0.00165,16.53,1,signal,cmf,bullish,bullish
ADBE,2016-12-29,2017-01-03,2,103.7854,103.2749,-0.00492,-49.2,0,signal,mfi|cmf,bullish,neutral
PYPL,2017-01-03,2017-01-30,18,40.004,39.7654,-0.00597,-59.65,0,signal,rsi|macd|obv,bullish,neutral
CRM,2017-01-09,2017-03-23,51,72.8999,80.4846,0.10404,1040.43,1,signal,macd|cmf,bearish,neutral
LYV,2017-01-10,2017-02-01,15,27.4411,28.7069,0.04613,461.27,1,signal,mfi,bullish,neutral
NXPI,2017-01-10,2017-01-24,9,87.2464,84.9459,-0.02637,-263.68,0,signal,obv|mfi,bullish,bullish
VRSN,2017-01-11,2017-04-07,60,77.9559,85.8074,0.10072,1007.17,1,max_hold,macd|obv|cmf,bearish,neutral
BIIB,2017-01-12,2017-01-17,2,287.0399,283.8536,-0.0111,-111.01,0,signal,macd|obv|mfi|cmf,bullish,neutral
VRSK,2017-01-17,2017-01-18,1,78.5062,76.8946,-0.02053,-205.29,0,signal,obv|cmf,bullish,neutral
PCG,2017-01-26,2017-02-10,11,58.6427,60.1598,0.02587,258.7,1,signal,cmf,bearish,neutral
CPAY,2017-01-27,2017-03-02,23,148.0417,164.2532,0.10951,1095.06,1,signal,macd,neutral,bearish
HPQ,2017-02-02,2017-05-01,60,10.814,13.7545,0.27191,2719.08,1,max_hold,macd|mfi,bullish,neutral
LIN,2017-02-02,2017-02-07,3,100.1614,98.9899,-0.0117,-116.96,0,signal,rsi|macd|obv|mfi|cmf,bullish,neutral
VRSK,2017-02-02,2017-03-08,23,77.6303,77.4547,-0.00226,-22.62,0,signal,obv|cmf,bullish,neutral
GIS,2017-02-07,2017-02-14,5,43.7397,44.4076,0.01527,152.7,1,signal,rsi|macd|mfi|cmf,bearish,neutral
FE,2017-02-15,2017-04-10,37,20.5829,21.3317,0.03638,363.82,1,signal,mfi,bearish,bearish
MNST,2017-02-22,2017-02-28,4,22.058,20.9735,-0.04917,-491.68,0,signal,macd,bearish,neutral
D,2017-02-23,2017-02-24,1,50.0565,50.4543,0.00795,79.47,1,signal,mfi,bullish,neutral
LIN,2017-02-23,2017-03-15,14,101.1298,100.8896,-0.00238,-23.76,0,signal,rsi|macd|obv|mfi|cmf,bullish,neutral
AES,2017-02-28,2017-03-02,2,7.9676,7.972,0.00055,5.46,1,signal,macd|mfi,neutral,bearish
OMC,2017-03-01,2017-03-07,4,61.5219,60.4301,-0.01775,-177.47,0,signal,obv|mfi|cmf,bullish,neutral
XYL,2017-03-03,2017-04-03,21,43.7872,44.8254,0.02371,237.08,1,signal,rsi|macd|mfi|cmf,bullish,neutral
ORLY,2017-03-10,2017-03-22,8,18.0657,18.0615,-0.00023,-2.32,0,signal,rsi|obv|mfi|cmf,neutral,bearish
LIN,2017-03-17,2017-03-22,3,101.555,100.4165,-0.01121,-112.11,0,signal,mfi|cmf,bullish,neutral
MDLZ,2017-03-17,2017-03-27,6,36.2194,34.9729,-0.03441,-344.15,0,signal,cmf,bullish,neutral
HST,2017-03-21,2017-03-24,3,12.9194,12.6779,-0.01869,-186.92,0,signal,rsi|macd|obv|mfi,bullish,bullish
LIN,2017-03-23,2017-03-27,2,100.8907,99.5994,-0.0128,-127.99,0,signal,mfi|cmf,bullish,neutral
OMC,2017-03-30,2017-04-17,11,61.3982,61.0633,-0.00546,-54.56,0,signal,obv|mfi|cmf,bullish,neutral
JCI,2017-04-04,2017-04-06,2,33.5422,33.3848,-0.00469,-46.94,0,signal,mfi|cmf,bullish,neutral
UPS,2017-04-07,2017-04-17,5,74.3532,72.5615,-0.0241,-240.96,0,signal,obv|mfi|cmf,neutral,bearish
EOG,2017-04-10,2017-04-19,6,71.9607,69.4957,-0.03425,-342.55,0,signal,cmf,bullish,neutral
XOM,2017-04-17,2017-04-20,3,54.5306,53.7694,-0.01396,-139.58,0,signal,rsi|macd|obv|mfi,bearish,bearish
FANG,2017-04-20,2017-04-24,2,77.7119,77.8074,0.00123,12.28,1,signal,macd|mfi,bullish,neutral
HRL,2017-04-24,2017-05-09,11,27.3462,26.9909,-0.01299,-129.94,0,signal,rsi|macd|mfi,neutral,bearish
CPB,2017-04-25,2017-05-19,18,42.3309,39.8307,-0.05906,-590.63,0,signal,rsi|macd|mfi,neutral,neutral
HST,2017-05-01,2017-05-12,9,12.7937,12.4584,-0.02621,-262.07,0,signal,mfi,bullish,neutral
TJX,2017-05-02,2017-05-15,9,34.2147,34.1211,-0.00274,-27.36,0,signal,mfi,bullish,neutral
XOM,2017-05-05,2017-05-31,17,54.384,54.2705,-0.00209,-20.88,0,signal,rsi|macd|obv|mfi,bearish,bearish
GILD,2017-05-09,2017-05-12,3,48.2045,47.8098,-0.00819,-81.87,0,signal,cmf,bearish,bearish
USB,2017-05-10,2017-05-18,6,36.6327,35.75,-0.0241,-240.97,0,signal,rsi|macd|cmf,bullish,neutral
MCK,2017-05-16,2017-08-01,53,135.5615,152.118,0.12213,1221.33,1,signal,cmf,bearish,neutral
TROW,2017-05-18,2017-05-22,2,48.9031,49.9678,0.02177,217.71,1,signal,cmf,bullish,neutral
AES,2017-05-19,2017-06-29,28,8.0234,8.0208,-0.00033,-3.3,0,signal,cmf,bearish,neutral
NEM,2017-05-19,2017-06-21,22,26.3205,25.825,-0.01883,-188.28,0,signal,cmf,bearish,bearish
KHC,2017-05-23,2017-06-12,13,59.3018,58.7287,-0.00966,-96.63,0,signal,mfi,bullish,neutral
ADP,2017-05-30,2017-06-29,22,82.8808,84.0776,0.01444,144.41,1,signal,mfi|cmf,bullish,neutral
CME,2017-05-31,2017-07-17,32,83.5566,85.9099,0.02816,281.64,1,signal,macd|mfi|cmf,bullish,neutral
WM,2017-06-09,2017-09-05,60,62.074,65.9102,0.0618,618.02,1,max_hold,cmf,bullish,neutral
INTC,2017-06-12,2017-06-13,1,29.5246,29.5106,-0.00047,-4.74,0,signal,cmf,bullish,neutral
HRL,2017-06-20,2017-06-21,1,26.8996,26.4909,-0.01519,-151.93,0,signal,mfi,neutral,bearish
APD,2017-06-22,2017-06-30,6,115.2543,114.5782,-0.00587,-58.66,0,signal,obv|mfi,bullish,bullish
FDS,2017-07-03,2017-07-07,3,152.6971,145.7512,-0.04549,-454.88,0,signal,obv|cmf,bullish,neutral
VTRS,2017-07-05,2017-08-03,21,31.4578,28.5116,-0.09366,-936.56,0,signal,obv,bearish,neutral
ARES,2017-07-07,2017-09-11,45,12.6843,12.6552,-0.00229,-22.92,0,signal,rsi|mfi|cmf,bullish,neutral
TXT,2017-07-07,2017-08-18,30,47.0966,47.4095,0.00664,66.43,1,signal,obv,bullish,neutral
REG,2017-07-11,2017-08-31,37,43.0461,44.8909,0.04286,428.57,1,signal,obv,bearish,bearish
FTNT,2017-07-12,2017-08-08,19,7.8337,7.323,-0.0652,-651.97,0,signal,cmf,bullish,neutral
UPS,2017-07-13,2017-07-28,11,77.8424,76.1754,-0.02142,-214.15,0,signal,obv|cmf,neutral,bullish
ADI,2017-07-25,2017-08-03,7,66.9198,66.6177,-0.00451,-45.14,0,signal,obv|cmf,bullish,neutral
FDS,2017-07-25,2017-08-07,9,151.9598,148.7005,-0.02145,-214.48,0,signal,mfi,neutral,neutral
OXY,2017-07-25,2017-08-17,17,47.7407,47.044,-0.01459,-145.94,0,signal,cmf,bearish,bearish
KDP,2017-07-26,2017-08-07,8,12.0524,11.862,-0.0158,-157.97,0,signal,obv,neutral,neutral
HRL,2017-07-27,2017-08-10,10,26.7885,26.292,-0.01853,-185.32,0,signal,obv,bearish,neutral
CSCO,2017-08-01,2017-08-11,8,24.4324,24.0816,-0.01436,-143.57,0,signal,obv|cmf,bullish,neutral
MDLZ,2017-08-01,2017-08-04,3,35.7084,35.2295,-0.01341,-134.1,0,signal,mfi,neutral,neutral
MRK,2017-08-02,2017-08-08,4,46.3133,45.1565,-0.02498,-249.78,0,signal,macd|mfi,bullish,neutral
HST,2017-08-09,2017-08-10,1,13.0531,12.7996,-0.01942,-194.21,0,signal,rsi,bullish,neutral
SPG,2017-08-14,2017-08-21,5,98.4595,96.3617,-0.02131,-213.06,0,signal,mfi|cmf,bearish,neutral
CSCO,2017-08-18,2017-08-24,4,23.9761,23.8657,-0.0046,-46.03,0,signal,cmf,neutral,neutral
CSCO,2017-09-06,2017-11-30,60,24.5562,29.2597,0.19154,1915.41,1,max_hold,obv|mfi|cmf,bullish,neutral
TEL,2017-09-06,2017-11-30,60,68.6489,81.7451,0.19077,1907.71,1,max_hold,obv|mfi,bullish,neutral
DG,2017-09-11,2017-09-13,2,67.5457,68.3918,0.01253,125.27,1,signal,macd|mfi|cmf,neutral,bullish
CL,2017-09-12,2017-09-22,8,58.557,57.8788,-0.01158,-115.81,0,signal,rsi|obv|mfi|cmf,bullish,neutral
FTNT,2017-09-12,2017-09-26,10,7.6895,7.5367,-0.01988,-198.76,0,signal,obv,bullish,neutral
SLB,2017-09-12,2017-10-17,25,51.3711,52.0895,0.01399,139.85,1,signal,obv|cmf,bearish,neutral
EVRG,2017-09-13,2017-09-14,1,36.8101,36.5552,-0.00693,-69.25,0,signal,obv,bearish,neutral
LII,2017-09-13,2017-12-07,60,154.8255,185.1671,0.19597,1959.73,1,max_hold,rsi|macd|mfi|cmf,bullish,neutral
SYK,2017-09-15,2017-09-22,5,131.8244,128.0602,-0.02855,-285.54,0,signal,mfi,bullish,neutral
EVRG,2017-09-18,2017-09-19,1,36.9988,36.425,-0.01551,-155.07,0,signal,obv,bearish,neutral
PM,2017-09-18,2017-09-20,2,74.1984,73.8163,-0.00515,-51.5,0,signal,obv,bullish,neutral
WST,2017-09-18,2017-10-18,22,93.2372,90.3366,-0.03111,-311.1,0,signal,cmf,bullish,neutral
MDT,2017-09-19,2017-09-25,4,65.7219,63.0198,-0.04111,-411.15,0,signal,mfi|cmf,neutral,neutral
BXP,2017-09-20,2017-12-08,56,81.983,85.2203,0.03949,394.88,1,signal,cmf,bearish,bearish
GLW,2017-09-20,2017-10-18,20,23.9232,23.6527,-0.01131,-113.07,0,signal,macd,bullish,neutral
KDP,2017-09-22,2017-09-25,1,11.7881,11.6647,-0.01047,-104.74,0,signal,obv,neutral,neutral
CL,2017-09-25,2017-10-10,11,59.4109,58.9086,-0.00846,-84.55,0,signal,obv|cmf,neutral,neutral
ECL,2017-09-25,2017-09-28,3,119.7747,117.2429,-0.02114,-211.38,0,signal,cmf,bullish,neutral
SBUX,2017-10-02,2017-11-28,40,44.5137,46.413,0.04267,426.68,1,signal,rsi|macd|mfi|cmf,neutral,bearish
BDX,2017-10-10,2017-12-29,56,132.0711,145.1417,0.09897,989.67,1,signal,obv,bullish,neutral
NWS,2017-10-10,2018-01-05,60,12.4754,15.6728,0.2563,2562.99,1,max_hold,rsi|macd|mfi|cmf,bullish,neutral
NWSA,2017-10-10,2017-12-08,42,12.0873,14.923,0.2346,2346.01,1,signal,macd|obv|mfi|cmf,bullish,neutral
PM,2017-10-13,2017-10-20,5,74.4335,70.0791,-0.0585,-585.0,0,signal,obv,bullish,neutral
NI,2017-10-17,2017-11-24,27,19.8814,20.545,0.03338,333.8,1,signal,obv|cmf,bullish,neutral
UDR,2017-10-17,2017-10-25,6,28.2236,27.6151,-0.02156,-215.59,0,signal,cmf,bullish,neutral
AVGO,2017-10-18,2017-10-24,4,19.1187,19.1977,0.00413,41.34,1,signal,cmf,bullish,neutral
GLW,2017-10-19,2018-01-17,60,23.7716,27.6611,0.16362,1636.2,1,max_hold,obv|cmf,bullish,bullish
EIX,2017-10-20,2017-12-05,31,54.4754,54.6135,0.00253,25.35,1,signal,cmf,bullish,neutral
KDP,2017-10-20,2017-10-24,2,11.7961,11.862,0.00559,55.93,1,signal,cmf,neutral,bearish
RSG,2017-10-30,2017-11-07,6,57.4565,55.5509,-0.03317,-331.66,0,signal,cmf,bullish,neutral
TPR,2017-10-31,2017-11-28,19,31.9718,32.0978,0.00394,39.4,1,signal,rsi|macd|obv|cmf,bullish,bearish
UDR,2017-11-03,2017-11-30,18,27.6689,28.6994,0.03724,372.42,1,signal,cmf,bullish,neutral
O,2017-11-14,2017-12-01,12,36.4155,35.6677,-0.02054,-205.36,0,signal,mfi,bearish,neutral
SPG,2017-11-17,2017-11-28,6,101.9581,98.9166,-0.02983,-298.31,0,signal,obv|mfi|cmf,bearish,neutral
CL,2017-11-21,2017-12-13,15,59.0671,59.2652,0.00335,33.54,1,signal,cmf,bullish,neutral
FISV,2017-11-21,2018-02-08,53,64.4515,70.9684,0.10111,1011.12,1,signal,cmf,bullish,bullish
STT,2017-11-30,2018-02-15,52,73.6215,81.0366,0.10072,1007.19,1,signal,rsi|macd|obv,bullish,neutral
PKG,2017-12-04,2018-02-02,41,91.7009,95.5789,0.04229,422.89,1,signal,macd|mfi,bullish,neutral
TT,2017-12-12,2018-02-05,36,60.3917,64.6194,0.07001,700.06,1,signal,rsi|macd|obv|mfi|cmf,bullish,neutral
BXP,2017-12-14,2018-01-10,17,86.8578,86.1723,-0.00789,-78.92,0,signal,obv|cmf,neutral,bullish
CCL,2017-12-14,2017-12-15,1,59.6636,59.0302,-0.01062,-106.16,0,signal,rsi|macd|obv|mfi|cmf,bullish,neutral
KO,2017-12-22,2018-01-03,6,35.1923,34.9333,-0.00736,-73.59,0,signal,macd|obv|mfi,bullish,neutral
CCL,2017-12-27,2018-01-08,7,60.3385,60.2123,-0.00209,-20.91,0,signal,cmf,bullish,neutral
GPN,2017-12-28,2018-01-03,3,94.9686,94.3822,-0.00617,-61.75,0,signal,obv,bullish,bullish
IDXX,2018-01-02,2018-03-29,60,157.8264,189.4154,0.20015,2001.51,1,max_hold,rsi|obv|mfi,bullish,neutral
CCL,2018-01-09,2018-02-06,19,61.2231,61.3125,0.00146,14.6,1,signal,cmf,bullish,neutral
MGM,2018-01-09,2018-03-26,52,32.3727,32.4256,0.00163,16.34,1,signal,mfi,bullish,bullish
WTW,2018-01-24,2018-02-09,12,141.3922,137.4206,-0.02809,-280.9,0,signal,rsi|macd,bullish,neutral
CNP,2018-01-30,2018-02-02,3,21.5681,21.3564,-0.00981,-98.12,0,signal,rsi|macd|mfi,neutral,neutral
AFL,2018-01-31,2018-02-09,7,36.4244,34.5292,-0.05203,-520.31,0,signal,macd|obv|mfi,bullish,bullish
WST,2018-02-01,2018-02-06,3,97.5257,91.3898,-0.06292,-629.15,0,signal,cmf,bullish,bullish
MRSH,2018-02-23,2018-03-09,10,71.9386,74.0796,0.02976,297.61,1,signal,mfi|cmf,bullish,neutral
EXC,2018-02-27,2018-03-05,4,20.3793,19.6878,-0.03393,-339.31,0,signal,cmf,neutral,neutral
L,2018-02-27,2018-03-28,21,48.9352,47.3233,-0.03294,-329.39,0,signal,cmf,bullish,neutral
NEE,2018-02-28,2018-05-10,50,31.0431,32.4557,0.0455,455.04,1,signal,rsi|mfi|cmf,bullish,neutral
C,2018-03-01,2018-03-02,1,57.4946,55.5534,-0.03376,-337.64,0,signal,obv|mfi|cmf,bullish,neutral
NDAQ,2018-03-01,2018-05-25,60,23.7526,27.1424,0.14272,1427.16,1,max_hold,obv,bullish,bullish
DHR,2018-03-02,2018-04-04,22,81.5328,82.5562,0.01255,125.53,1,signal,obv|cmf,bullish,neutral
ROP,2018-03-02,2018-03-26,16,253.4606,264.33,0.04288,428.84,1,signal,obv,bullish,neutral
PFE,2018-03-08,2018-03-23,11,23.4035,23.0092,-0.01685,-168.47,0,signal,macd|mfi,bullish,neutral
RVTY,2018-03-23,2018-03-28,3,73.8576,74.1055,0.00336,33.57,1,signal,obv,bullish,neutral
TEL,2018-03-23,2018-03-26,1,87.7396,85.1704,-0.02928,-292.82,0,signal,obv,bullish,neutral
UNH,2018-04-10,2018-05-10,22,196.6171,200.1592,0.01802,180.15,1,signal,obv|mfi,bullish,neutral
FCX,2018-04-17,2018-04-24,5,16.4928,16.6333,0.00851,85.15,1,signal,obv|mfi|cmf,bullish,neutral
BA,2018-04-18,2018-06-20,44,324.5037,332.5167,0.02469,246.93,1,signal,macd|obv|cmf,bullish,neutral
PKG,2018-04-19,2018-05-03,10,90.8536,87.1638,-0.04061,-406.12,0,signal,obv|mfi,bullish,neutral
GOOGL,2018-04-20,2018-04-27,5,53.8176,51.7398,-0.03861,-386.08,0,signal,obv|cmf,bullish,neutral
STT,2018-04-20,2018-05-02,8,79.3401,76.3689,-0.03745,-374.49,0,signal,obv|cmf,bullish,neutral
TEL,2018-04-20,2018-04-26,4,88.1396,82.075,-0.06881,-688.07,0,signal,cmf,bullish,neutral
ALGN,2018-04-23,2018-07-18,60,249.0029,373.2992,0.49918,4991.76,1,max_hold,obv|cmf,bullish,neutral
CCL,2018-04-24,2018-06-06,30,61.0525,55.6808,-0.08799,-879.86,0,signal,macd,bullish,neutral
HON,2018-04-24,2018-05-01,5,113.506,109.7379,-0.0332,-331.98,0,signal,obv,bullish,neutral
LIN,2018-04-24,2018-06-20,40,132.9194,137.4894,0.03438,343.82,1,signal,rsi|obv|cmf,bullish,neutral
AOS,2018-04-25,2018-05-08,9,54.6852,53.9638,-0.01319,-131.92,0,signal,obv,bullish,neutral
BAX,2018-04-25,2018-07-05,49,57.5039,64.1915,0.1163,1162.98,1,signal,obv,bullish,neutral
KO,2018-04-25,2018-05-09,10,33.2107,32.5147,-0.02096,-209.57,0,signal,obv|cmf,neutral,bearish
MRSH,2018-04-25,2018-05-01,4,72.5558,71.4441,-0.01532,-153.22,0,signal,mfi,bullish,neutral
NWSA,2018-04-25,2018-05-03,6,14.5544,14.3554,-0.01368,-136.75,0,signal,obv|cmf,bullish,neutral
TFC,2018-04-25,2018-05-30,24,37.8387,37.3433,-0.01309,-130.92,0,signal,macd|mfi,bullish,neutral
DGX,2018-04-27,2018-05-24,19,86.4775,85.9379,-0.00624,-62.4,0,signal,cmf,bullish,neutral
CMI,2018-04-30,2018-05-03,3,131.3584,117.125,-0.10836,-1083.55,0,signal,rsi|macd|mfi,neutral,neutral
RJF,2018-04-30,2018-06-26,40,54.0438,55.2601,0.0225,225.04,1,signal,macd|obv|mfi,bullish,neutral
MAR,2018-05-01,2018-05-03,2,127.4136,124.4296,-0.02342,-234.2,0,signal,macd|mfi,bullish,neutral
LII,2018-05-16,2018-06-22,26,182.606,183.691,0.00594,59.42,1,signal,mfi,bullish,neutral
RVTY,2018-05-16,2018-06-26,28,72.5633,71.2698,-0.01783,-178.26,0,signal,obv|cmf,bullish,neutral
BRK-B,2018-05-21,2018-05-24,3,198.0667,195.7659,-0.01162,-116.16,0,signal,obv,bullish,neutral
CFG,2018-05-21,2018-05-29,5,29.8862,29.2403,-0.02161,-216.13,0,signal,rsi|obv,bullish,neutral
PNR,2018-05-24,2018-05-30,3,40.391,39.4614,-0.02301,-230.15,0,signal,cmf,neutral,neutral
DGX,2018-05-25,2018-07-25,41,88.3363,90.3069,0.02231,223.08,1,signal,cmf,bullish,neutral
DIS,2018-05-30,2018-05-31,1,95.6313,94.6428,-0.01034,-103.37,0,signal,rsi,neutral,neutral
DHR,2018-06-01,2018-06-04,1,85.5829,86.0853,0.00587,58.69,1,signal,obv,bullish,neutral
EQIX,2018-06-05,2018-06-21,12,345.1122,352.7273,0.02207,220.66,1,signal,macd,neutral,neutral
GL,2018-06-12,2018-06-13,1,80.2228,79.1051,-0.01393,-139.32,0,signal,macd|obv|mfi|cmf,bullish,bullish
AMT,2018-06-14,2018-06-28,10,110.0308,115.6046,0.05066,506.56,1,signal,rsi|macd|obv|mfi,bullish,neutral
ABT,2018-06-21,2018-06-26,3,53.8307,52.5176,-0.02439,-243.93,0,signal,mfi,bullish,bullish
EME,2018-06-26,2018-06-28,2,75.3184,74.3079,-0.01342,-134.16,0,signal,obv|mfi,bullish,neutral
LUV,2018-06-26,2018-06-28,2,46.5749,45.6524,-0.01981,-198.09,0,signal,rsi|macd|mfi|cmf,neutral,bearish
AMGN,2018-07-03,2018-09-27,60,146.4716,163.5551,0.11663,1166.33,1,max_hold,cmf,bullish,bullish
EME,2018-07-12,2018-07-13,1,75.503,74.2788,-0.01621,-162.14,0,signal,obv|mfi|cmf,bullish,neutral
JBL,2018-07-12,2018-07-30,12,27.375,26.7778,-0.02181,-218.13,0,signal,cmf,bullish,neutral
ROP,2018-07-12,2018-10-05,60,267.0105,283.5885,0.06209,620.88,1,max_hold,obv,bullish,neutral
ECL,2018-07-16,2018-07-24,6,131.8014,129.4437,-0.01789,-178.89,0,signal,macd|mfi|cmf,bullish,neutral
TMO,2018-07-16,2018-08-16,23,206.6818,225.04,0.08882,888.23,1,signal,obv|cmf,bullish,neutral
MAS,2018-07-17,2018-09-04,34,33.2468,33.1911,-0.00167,-16.73,0,signal,rsi|obv|mfi,neutral,bearish
UHS,2018-07-17,2018-07-19,2,110.7102,108.2694,-0.02205,-220.46,0,signal,cmf,neutral,bearish
A,2018-07-19,2018-08-20,22,60.1416,60.8664,0.01205,120.51,1,signal,rsi|obv|cmf,neutral,bearish
TFC,2018-07-19,2018-07-20,1,35.6527,35.5952,-0.00161,-16.12,0,signal,macd,neutral,neutral
DHI,2018-07-24,2018-07-26,2,38.0569,37.8332,-0.00588,-58.78,0,signal,cmf,bullish,bearish
DG,2018-07-26,2018-07-31,3,89.2167,88.6257,-0.00662,-66.24,0,signal,obv,bullish,bullish
BEN,2018-08-03,2018-08-31,20,22.2386,22.4227,0.00828,82.77,1,signal,macd|obv|mfi|cmf,neutral,bearish
ESS,2018-08-03,2018-09-25,36,182.3709,184.7889,0.01326,132.59,1,signal,obv|mfi|cmf,bullish,neutral
DE,2018-08-10,2018-08-14,2,124.3015,122.6721,-0.01311,-131.09,0,signal,rsi|macd|mfi,neutral,neutral
TFC,2018-08-13,2018-08-14,1,36.1462,35.9101,-0.00653,-65.33,0,signal,mfi,bullish,neutral
ARES,2018-08-16,2018-08-17,1,15.9161,15.7184,-0.01242,-124.23,0,signal,rsi|macd|obv|mfi|cmf,bullish,neutral
A,2018-08-24,2018-10-10,32,62.1555,65.5673,0.05489,548.91,1,signal,cmf,bullish,bullish
LMT,2018-08-24,2018-10-12,34,258.8588,268.2914,0.03644,364.39,1,signal,cmf,bullish,bullish
ARES,2018-08-27,2018-09-10,9,15.9161,15.8685,-0.003,-29.95,0,signal,rsi|macd|obv|mfi|cmf,bullish,neutral
INVH,2018-08-28,2018-09-25,19,18.7097,18.8798,0.00909,90.94,1,signal,rsi|macd|obv|cmf,bullish,bullish
EL,2018-08-29,2018-10-05,26,127.1503,123.4858,-0.02882,-288.2,0,signal,cmf,bullish,neutral
AIG,2018-08-30,2018-09-12,8,43.7854,42.2923,-0.0341,-341.0,0,signal,cmf,neutral,neutral
EME,2018-09-05,2018-10-08,23,75.3575,70.6215,-0.06285,-628.47,0,signal,obv|mfi,bullish,neutral
MTD,2018-09-05,2018-10-09,24,583.8745,588.8454,0.00851,85.14,1,signal,obv,neutral,neutral
TXN,2018-09-06,2018-09-07,1,89.305,88.6043,-0.00785,-78.46,0,signal,obv|cmf,bullish,neutral
SBAC,2018-09-10,2018-09-28,14,145.0274,144.3563,-0.00463,-46.28,0,signal,rsi|macd|obv|mfi|cmf,bullish,neutral
ARE,2018-09-17,2018-09-20,3,95.0642,93.6008,-0.01539,-153.94,0,signal,rsi|macd|obv|mfi,bullish,bullish
EXPD,2018-09-19,2018-09-21,2,69.8114,66.9322,-0.04124,-412.42,0,signal,macd|obv|mfi|cmf,bullish,neutral
AKAM,2018-09-20,2018-09-21,1,73.7605,74.3882,0.00851,85.11,1,signal,macd|obv|mfi|cmf,bullish,neutral
PWR,2018-09-25,2018-09-27,2,33.7572,32.5104,-0.03693,-369.35,0,signal,rsi|macd|obv|mfi|cmf,neutral,neutral
MS,2018-09-26,2018-10-01,3,38.2687,37.018,-0.03268,-326.83,0,signal,cmf,neutral,bearish
LH,2018-10-03,2018-10-04,1,141.685,139.8666,-0.01283,-128.34,0,signal,mfi|cmf,neutral,neutral
SRE,2018-10-17,2018-10-29,8,45.5501,44.3955,-0.02535,-253.47,0,signal,obv,bullish,neutral
LNT,2018-10-29,2018-11-05,5,33.7019,33.6085,-0.00277,-27.72,0,signal,macd,bullish,neutral
SJM,2018-10-29,2018-11-28,21,82.2008,80.8569,-0.01635,-163.5,0,signal,cmf,bearish,bearish
GL,2018-11-07,2018-11-28,14,82.0687,79.6117,-0.02994,-299.39,0,signal,rsi|obv|mfi|cmf,bullish,neutral
DE,2018-11-12,2018-11-21,7,130.2571,122.3078,-0.06103,-610.28,0,signal,cmf,bullish,neutral
ARE,2018-11-16,2018-11-20,2,91.5244,91.6862,0.00177,17.68,1,signal,obv|mfi,bullish,neutral
CSX,2018-11-19,2018-12-10,13,21.8005,20.3862,-0.06487,-648.73,0,signal,rsi|macd,bullish,neutral
ORCL,2018-11-21,2018-11-26,2,43.7421,43.9688,0.00518,51.83,1,signal,obv,bullish,neutral
UPS,2018-12-03,2018-12-10,4,86.161,77.0931,-0.10524,-1052.43,0,signal,mfi|cmf,bullish,neutral
REG,2018-12-06,2018-12-13,5,46.2579,45.6275,-0.01363,-136.27,0,signal,mfi,neutral,neutral
APD,2018-12-10,2018-12-13,3,131.9534,131.7666,-0.00142,-14.16,0,signal,cmf,neutral,neutral
ARE,2018-12-13,2018-12-17,2,91.7355,92.4154,0.00741,74.11,1,signal,obv,neutral,neutral
VRT,2019-01-10,2019-01-11,1,9.7628,9.7832,0.00209,20.91,1,signal,mfi|cmf,bearish,neutral
VRT,2019-01-14,2019-04-10,60,9.7229,9.9322,0.02152,215.21,1,max_hold,mfi|cmf,bearish,neutral
CL,2019-01-16,2019-04-12,60,51.8109,57.1839,0.1037,1037.04,1,max_hold,macd|mfi,bearish,neutral
KR,2019-01-16,2019-01-23,4,24.2839,24.976,0.0285,285.0,1,signal,mfi,neutral,neutral
CINF,2019-01-17,2019-04-15,60,64.595,73.0566,0.13099,1309.94,1,max_hold,mfi,bullish,neutral
PPL,2019-01-17,2019-04-02,51,21.6677,23.3714,0.07863,786.26,1,signal,rsi|obv|mfi|cmf,neutral,neutral
AEE,2019-01-18,2019-04-05,53,54.3253,58.3503,0.07409,740.91,1,signal,obv,bullish,neutral
AMCR,2019-01-18,2019-04-16,60,34.2721,40.7332,0.18852,1885.23,1,max_hold,cmf,bearish,neutral
NXPI,2019-01-22,2019-03-21,41,71.4043,81.425,0.14034,1403.37,1,signal,rsi|obv|mfi,bearish,neutral
PSA,2019-01-22,2019-02-01,8,149.7503,156.0265,0.04191,419.11,1,signal,rsi|macd|obv,bearish,neutral
WEC,2019-01-22,2019-04-09,54,55.9943,61.0287,0.08991,899.09,1,signal,obv,bullish,neutral
EG,2019-01-24,2019-03-08,30,185.736,185.4063,-0.00178,-17.75,0,signal,obv,neutral,neutral
KMB,2019-01-24,2019-01-28,2,85.739,82.341,-0.03963,-396.32,0,signal,obv,neutral,neutral
KR,2019-01-28,2019-01-30,2,23.8663,23.8713,0.00021,2.09,1,signal,mfi,neutral,neutral
AJG,2019-01-29,2019-01-30,1,66.333,65.3997,-0.01407,-140.7,0,signal,mfi,bullish,neutral
PEP,2019-02-21,2019-05-17,60,91.7655,103.7476,0.13057,1305.73,1,max_hold,obv|mfi,bullish,bullish
BR,2019-02-27,2019-03-07,6,88.2394,86.3634,-0.02126,-212.6,0,signal,obv|cmf,neutral,neutral
EVRG,2019-03-19,2019-04-05,13,43.1433,42.8928,-0.00581,-58.07,0,signal,cmf,bullish,neutral
AMGN,2019-03-25,2019-03-28,3,149.799,149.7024,-0.00064,-6.45,0,signal,cmf,neutral,neutral
MET,2019-04-10,2019-04-26,11,34.717,35.0433,0.0094,93.97,1,signal,obv,neutral,neutral
TAP,2019-05-02,2019-05-08,4,48.4228,48.7997,0.00778,77.83,1,signal,obv,bearish,neutral
EVRG,2019-05-09,2019-08-01,58,44.2078,46.1617,0.0442,441.98,1,signal,cmf,bullish,neutral
ABBV,2019-05-29,2019-06-10,8,57.8566,57.6015,-0.00441,-44.09,0,signal,obv,neutral,bearish
EIX,2019-06-07,2019-06-14,5,46.5968,43.5183,-0.06607,-660.68,0,signal,cmf,neutral,neutral
UAL,2019-06-14,2019-08-06,36,87.2006,85.7811,-0.01628,-162.78,0,signal,macd,bullish,neutral
RF,2019-06-19,2019-08-06,33,11.2582,11.0294,-0.02032,-203.23,0,signal,rsi,neutral,neutral
XOM,2019-06-19,2019-07-18,20,55.0357,54.6016,-0.00789,-78.88,0,signal,macd|cmf,neutral,bearish
BXP,2019-06-26,2019-06-27,1,93.9314,92.6183,-0.01398,-139.8,0,signal,macd,bullish,neutral
MS,2019-07-11,2019-08-02,16,35.1178,34.6691,-0.01278,-127.79,0,signal,macd,neutral,bearish
VZ,2019-07-22,2019-07-23,1,38.5487,37.6789,-0.02256,-225.62,0,signal,cmf,bullish,neutral
REGN,2019-07-30,2019-08-16,13,302.2699,292.4615,-0.03245,-324.49,0,signal,cmf,bearish,bearish
JKHY,2019-08-13,2019-10-22,49,127.0489,130.4747,0.02696,269.65,1,signal,obv,bullish,bullish
FRT,2019-08-15,2019-08-23,6,98.2213,98.2809,0.00061,6.06,1,signal,rsi|macd|obv|mfi,neutral,neutral
PNW,2019-08-16,2019-09-11,17,70.5729,68.8919,-0.02382,-238.2,0,signal,mfi|cmf,bullish,neutral
GD,2019-08-26,2019-08-28,2,158.8369,156.2751,-0.01613,-161.29,0,signal,obv,bullish,bullish
STX,2019-08-26,2019-11-19,60,37.5314,47.9469,0.27752,2775.16,1,max_hold,cmf,bullish,neutral
WAT,2019-09-04,2019-09-27,17,214.0306,218.3919,0.02038,203.77,1,signal,rsi|macd|obv|cmf,neutral,neutral
WFC,2019-09-04,2019-10-09,25,39.139,40.3884,0.03192,319.23,1,signal,cmf,bearish,neutral
BXP,2019-09-05,2019-10-03,20,93.8794,91.0369,-0.03028,-302.79,0,signal,rsi|macd|mfi|cmf,bullish,neutral
RTX,2019-09-05,2019-10-02,19,71.8056,71.456,-0.00487,-48.68,0,signal,rsi|obv|cmf,bullish,neutral
RF,2019-09-06,2019-10-04,20,11.2434,11.5586,0.02803,280.35,1,signal,rsi,neutral,neutral
MSCI,2019-09-10,2019-09-23,9,220.7108,210.1418,-0.04789,-478.86,0,signal,mfi|cmf,bullish,bullish
CVX,2019-09-11,2019-09-30,13,91.0092,88.0117,-0.03294,-329.36,0,signal,rsi|macd|cmf,bullish,neutral
AFL,2019-09-13,2019-10-09,18,44.2619,43.7547,-0.01146,-114.61,0,signal,mfi,bullish,neutral
BIIB,2019-09-13,2019-09-30,11,232.348,229.9346,-0.01039,-103.87,0,signal,macd,bearish,neutral
CRL,2019-09-17,2019-10-02,11,134.4313,126.3702,-0.05997,-599.65,0,signal,cmf,bullish,neutral
HLT,2019-09-25,2019-09-27,2,90.6851,90.8948,0.00231,23.12,1,signal,mfi,bullish,neutral
NOW,2019-09-25,2019-10-21,18,51.5773,48.9445,-0.05105,-510.45,0,signal,cmf,bullish,neutral
CRL,2019-10-22,2019-10-24,2,129.6942,125.811,-0.02994,-299.42,0,signal,obv|cmf,neutral,neutral
LITE,2019-10-22,2020-01-16,59,55.6133,76.8545,0.38195,3819.46,1,signal,cmf,bullish,neutral
SYK,2019-10-22,2019-10-24,2,201.4556,196.4829,-0.02468,-246.84,0,signal,obv|mfi|cmf,bullish,neutral
AXP,2019-10-24,2019-12-04,28,107.1285,107.6056,0.00445,44.54,1,signal,mfi,bullish,neutral
CVX,2019-10-25,2019-11-20,18,87.7027,87.2819,-0.0048,-47.99,0,signal,obv,bullish,bearish
MRSH,2019-10-25,2020-01-23,60,89.5778,102.0036,0.13871,1387.14,1,max_hold,obv,bullish,neutral
GILD,2019-10-28,2019-10-30,2,49.4641,49.1764,-0.00582,-58.16,0,signal,obv|cmf,bearish,bearish
IEX,2019-11-06,2019-12-04,19,147.88,146.258,-0.01097,-109.69,0,signal,obv|mfi|cmf,bullish,neutral
IBM,2019-11-11,2019-11-14,3,100.1678,97.6331,-0.0253,-253.05,0,signal,cmf,bullish,neutral
LMT,2019-11-12,2019-12-03,14,318.9825,319.8659,0.00277,27.7,1,signal,macd|cmf,bullish,neutral
GIS,2019-11-19,2019-12-12,16,41.8521,40.9001,-0.02275,-227.47,0,signal,cmf,neutral,neutral
RSG,2019-11-22,2020-02-21,60,79.7517,90.6775,0.137,1369.96,1,max_hold,cmf,bullish,bullish
CME,2019-11-26,2019-12-31,23,158.7836,154.8325,-0.02488,-248.84,0,signal,macd|obv|mfi|cmf,bullish,neutral
BR,2019-11-27,2019-12-12,10,110.1646,105.7709,-0.03988,-398.84,0,signal,cmf,bullish,neutral
SJM,2019-12-03,2019-12-13,8,85.2625,82.4759,-0.03268,-326.82,0,signal,rsi|obv|cmf,bearish,bearish
VZ,2019-12-03,2020-01-07,23,41.3118,41.2636,-0.00117,-11.67,0,signal,cmf,bullish,bullish
WMB,2019-12-03,2020-01-22,33,15.6524,16.3188,0.04257,425.75,1,signal,rsi|cmf,neutral,bearish
AZO,2019-12-10,2020-01-03,16,1241.86,1173.9764,-0.05466,-546.63,0,signal,obv|cmf,bullish,bullish
NWSA,2019-12-11,2020-01-27,30,12.4298,12.8135,0.03087,308.65,1,signal,mfi,bullish,neutral
KMI,2019-12-13,2020-01-22,25,13.8037,14.336,0.03857,385.67,1,signal,mfi,bullish,neutral
VMC,2019-12-16,2019-12-24,6,136.3422,133.1368,-0.02351,-235.1,0,signal,cmf,bullish,neutral
IBM,2019-12-19,2019-12-31,7,98.1674,96.4685,-0.01731,-173.06,0,signal,cmf,bullish,neutral
AKAM,2019-12-31,2020-02-27,39,85.8586,90.5639,0.0548,548.03,1,signal,cmf,bullish,neutral
PAYX,2019-12-31,2020-02-25,37,69.4597,72.2193,0.03973,397.3,1,signal,obv|mfi|cmf,bullish,bullish
VMC,2019-12-31,2020-01-08,5,135.3091,132.5888,-0.0201,-201.04,0,signal,obv|cmf,bullish,bullish
GIS,2020-01-03,2020-01-08,3,41.2441,41.3252,0.00197,19.68,1,signal,obv|cmf,bullish,neutral
CBOE,2020-01-09,2020-01-10,1,107.9611,106.9863,-0.00903,-90.29,0,signal,obv,bullish,neutral
CHD,2020-01-09,2020-03-02,35,64.1629,64.7397,0.00899,89.91,1,signal,mfi,bullish,bearish
COST,2020-01-13,2020-01-17,4,271.1049,276.1917,0.01876,187.63,1,signal,macd|obv|mfi|cmf,bullish,neutral
GD,2020-01-13,2020-02-03,14,155.4535,153.1998,-0.0145,-144.98,0,signal,cmf,bullish,neutral
SJM,2020-01-14,2020-03-04,34,84.6983,87.5024,0.03311,331.07,1,signal,rsi|macd|obv|mfi,bearish,neutral
SPG,2020-01-27,2020-01-28,1,100.6903,99.0478,-0.01631,-163.12,0,signal,cmf,bearish,bearish
AFL,2020-02-10,2020-02-19,6,45.3498,44.672,-0.01495,-149.46,0,signal,rsi|macd|obv|mfi,bullish,neutral
GM,2020-02-14,2020-02-25,6,33.5463,31.5034,-0.0609,-608.95,0,signal,macd,neutral,neutral
T,2020-02-19,2020-02-25,4,18.8447,18.7244,-0.00639,-63.85,0,signal,obv|cmf,bullish,bullish
PRU,2020-02-20,2020-02-24,2,67.7514,64.6952,-0.04511,-451.09,0,signal,cmf,bullish,bullish
SJM,2020-03-12,2020-03-13,1,81.5254,82.7636,0.01519,151.88,1,signal,obv,bearish,neutral
SJM,2020-03-23,2020-05-20,41,84.2229,90.4848,0.07435,743.5,1,signal,rsi|macd|obv|mfi|cmf,bearish,neutral
MRK,2020-07-10,2020-07-14,2,60.7502,61.1917,0.00727,72.67,1,signal,cmf,neutral,bearish
TSN,2020-07-29,2020-09-04,27,51.0628,51.8838,0.01608,160.79,1,signal,rsi,neutral,neutral
AVB,2020-08-12,2020-09-14,22,124.5857,123.3296,-0.01008,-100.82,0,signal,rsi|cmf,neutral,bearish
ALLE,2020-08-18,2020-09-08,14,94.7434,91.2771,-0.03659,-365.86,0,signal,obv|mfi,neutral,neutral
ADP,2020-09-03,2020-09-09,3,125.4948,119.6477,-0.04659,-465.92,0,signal,rsi|cmf,neutral,neutral
BX,2020-09-08,2020-09-09,1,42.393,42.1275,-0.00626,-62.64,0,signal,cmf,bullish,neutral
C,2020-09-09,2020-09-15,4,41.9483,39.3068,-0.06297,-629.71,0,signal,rsi,bearish,neutral
USB,2020-09-22,2020-09-23,1,28.4123,27.9757,-0.01537,-153.69,0,signal,mfi,bearish,neutral
OMC,2020-10-12,2020-10-27,11,43.3769,43.0763,-0.00693,-69.3,0,signal,rsi|cmf,bearish,neutral
FRT,2020-10-13,2020-10-28,11,62.6245,54.7769,-0.12531,-1253.13,0,stop,obv,bearish,neutral
RTX,2020-10-13,2020-10-27,10,52.5748,52.4348,-0.00266,-26.62,0,signal,rsi|cmf,bearish,neutral
EQR,2020-10-14,2020-10-16,2,43.3088,42.4039,-0.0209,-208.96,0,signal,rsi,bearish,bearish
L,2020-10-14,2020-10-20,4,35.0671,34.5222,-0.01554,-155.38,0,signal,rsi|macd|cmf,bearish,neutral
WRB,2020-10-14,2020-10-20,4,24.5166,24.2939,-0.00908,-90.82,0,signal,obv|cmf,bullish,bullish
AVB,2020-10-19,2020-10-27,6,124.068,118.1531,-0.04768,-476.75,0,signal,rsi,bearish,neutral
NFLX,2020-10-22,2020-11-03,8,49.5432,48.4203,-0.02267,-226.66,0,signal,cmf,bullish,neutral
RL,2020-10-30,2021-01-28,60,63.3438,91.7884,0.44905,4490.52,1,max_hold,obv|cmf,bearish,neutral
BDX,2020-11-05,2020-11-19,10,167.2429,162.7471,-0.02688,-268.82,0,signal,cmf,neutral,bearish
LMT,2020-11-17,2020-12-03,11,321.8372,311.4712,-0.03221,-322.09,0,signal,cmf,neutral,neutral
NI,2020-12-07,2020-12-08,1,19.9368,19.7773,-0.008,-80.01,0,signal,obv|mfi,bearish,neutral
MSFT,2020-12-10,2021-02-23,49,202.6043,220.2069,0.08688,868.82,1,signal,obv|cmf,bullish,neutral
HD,2020-12-23,2020-12-30,4,236.0901,231.9401,-0.01758,-175.78,0,signal,cmf,bullish,neutral
FE,2020-12-24,2021-03-24,60,23.4713,27.6754,0.17912,1791.18,1,max_hold,mfi,bearish,bearish
MKC,2020-12-29,2021-01-21,15,83.3266,81.8855,-0.01729,-172.94,0,signal,rsi|macd|obv,bullish,neutral
O,2020-12-30,2021-01-08,6,44.8643,43.4157,-0.03229,-322.89,0,signal,macd|obv|mfi|cmf,neutral,neutral
SJM,2021-01-11,2021-01-13,2,96.6375,92.2455,-0.04545,-454.48,0,signal,obv,bullish,neutral
PPL,2021-01-12,2021-02-23,28,22.5325,22.5217,-0.00048,-4.76,0,signal,cmf,neutral,neutral
DG,2021-01-20,2021-01-21,1,190.7356,189.0521,-0.00883,-88.26,0,signal,cmf,bullish,neutral
BRO,2021-01-27,2021-01-28,1,43.5301,42.4394,-0.02506,-250.58,0,signal,obv|cmf,neutral,neutral
EXC,2021-01-28,2021-02-23,17,24.2001,23.9401,-0.01074,-107.45,0,signal,rsi|cmf,bullish,neutral
O,2021-02-01,2021-03-01,19,44.0481,45.3598,0.02978,297.79,1,signal,cmf,neutral,bearish
ED,2021-02-02,2021-02-22,13,58.3993,56.251,-0.03679,-367.86,0,signal,rsi|macd|mfi|cmf,neutral,bearish
DPZ,2021-02-12,2021-02-23,6,357.9501,337.3504,-0.05755,-575.49,0,signal,macd|cmf,bullish,neutral
STT,2021-02-22,2021-04-23,43,60.6197,67.1368,0.10751,1075.08,1,signal,cmf,bullish,neutral
ABBV,2021-03-05,2021-03-19,10,86.9592,84.9976,-0.02256,-225.57,0,signal,obv|mfi|cmf,bullish,bullish
BRO,2021-03-05,2021-03-09,2,43.7581,44.7626,0.02296,229.58,1,signal,obv|cmf,bullish,neutral
PODD,2021-03-25,2021-05-06,29,260.0896,261.4273,0.00514,51.43,1,signal,rsi|macd|obv,bullish,neutral
LULU,2021-03-31,2021-04-05,2,308.1115,302.4057,-0.01852,-185.19,0,signal,mfi,neutral,neutral
ABBV,2021-04-06,2021-04-08,2,86.828,86.1998,-0.00723,-72.34,0,signal,macd|obv|cmf,bullish,bullish
HAS,2021-04-12,2021-05-13,23,77.1418,77.5729,0.00559,55.88,1,signal,obv,bullish,bullish
MRK,2021-04-14,2021-04-30,12,61.8524,59.4687,-0.03854,-385.37,0,signal,cmf,neutral,neutral
NFLX,2021-04-22,2021-04-23,1,51.4591,50.8246,-0.01233,-123.29,0,signal,cmf,bullish,neutral
BBY,2021-05-19,2021-05-25,4,91.2406,90.5492,-0.00758,-75.78,0,signal,macd|obv|mfi,bullish,neutral
CL,2021-06-10,2021-06-17,5,73.4092,72.5332,-0.01193,-119.33,0,signal,obv,bullish,bullish
BBY,2021-07-01,2021-07-09,5,92.0469,86.3972,-0.06138,-613.79,0,signal,cmf,bullish,neutral
STT,2021-07-14,2021-09-21,48,71.5731,71.1788,-0.00551,-55.09,0,signal,cmf,bullish,neutral
VZ,2021-07-14,2021-07-26,8,41.6482,41.368,-0.00673,-67.28,0,signal,macd|mfi,bullish,neutral
CB,2021-07-15,2021-09-24,50,152.215,166.1988,0.09187,918.69,1,signal,rsi|macd|mfi|cmf,bullish,neutral
PEG,2021-07-16,2021-09-08,37,52.0902,53.6283,0.02953,295.28,1,signal,mfi,bullish,neutral
NI,2021-07-21,2021-07-23,2,21.4015,21.1426,-0.0121,-120.99,0,signal,obv|mfi|cmf,bullish,neutral
AEE,2021-07-22,2021-09-16,39,71.1767,74.2816,0.04362,436.22,1,signal,obv,bullish,neutral
EA,2021-07-28,2021-08-04,5,138.8731,135.7045,-0.02282,-228.17,0,signal,cmf,bullish,neutral
VZ,2021-07-28,2021-07-29,1,41.7596,41.3754,-0.0092,-92.0,0,signal,macd|mfi,neutral,neutral
SWKS,2021-08-05,2021-08-13,6,161.9239,158.733,-0.01971,-197.06,0,signal,cmf,bullish,bullish
BDX,2021-08-06,2021-08-09,1,170.5954,169.2702,-0.00777,-77.68,0,signal,cmf,neutral,neutral
MPC,2021-08-10,2021-08-23,9,51.322,50.1053,-0.02371,-237.07,0,signal,cmf,bullish,neutral
NTRS,2021-08-10,2021-09-15,25,99.172,96.0915,-0.03106,-310.63,0,signal,cmf,bullish,neutral
PODD,2021-08-12,2021-09-16,24,274.0805,289.565,0.0565,564.96,1,signal,rsi|macd|mfi|cmf,bullish,bullish
AES,2021-08-13,2021-09-01,13,20.7061,19.8844,-0.03969,-396.85,0,signal,cmf,bullish,neutral
TXN,2021-08-13,2021-08-18,3,163.8502,161.7653,-0.01272,-127.24,0,signal,rsi|macd|obv|mfi,bullish,neutral
DD,2021-08-16,2021-08-31,11,29.2018,28.1351,-0.03653,-365.29,0,signal,mfi|cmf,bullish,neutral
ABNB,2021-08-18,2021-11-11,60,144.236,194.9072,0.35131,3513.07,1,max_hold,cmf,neutral,bearish
REG,2021-08-18,2021-08-24,4,52.8378,53.333,0.00937,93.72,1,signal,macd|mfi|cmf,bullish,neutral
VZ,2021-08-18,2021-08-19,1,41.6185,40.9386,-0.01634,-163.36,0,signal,macd|mfi,neutral,neutral
USB,2021-08-19,2021-11-10,58,45.0715,49.1729,0.091,909.99,1,signal,rsi|macd|obv,bullish,neutral
BDX,2021-08-25,2021-08-27,2,173.7426,174.2189,0.00274,27.42,1,signal,cmf,bullish,bullish
HAS,2021-08-30,2021-09-03,4,81.6691,81.5067,-0.00199,-19.88,0,signal,obv|cmf,bullish,bullish
VICI,2021-09-01,2021-09-14,8,23.7197,22.9178,-0.03381,-338.11,0,signal,cmf,bullish,neutral
MCD,2021-09-08,2021-10-21,31,212.5799,214.9594,0.01119,111.93,1,signal,obv|mfi,bullish,bullish
VRSN,2021-09-08,2021-09-23,11,218.024,211.1449,-0.03155,-315.52,0,signal,cmf,bullish,neutral
AES,2021-09-09,2021-09-21,8,20.0352,19.8761,-0.00794,-79.41,0,signal,cmf,bullish,neutral
UHS,2021-09-09,2021-09-10,1,145.1551,146.6784,0.01049,104.95,1,signal,rsi|obv,bullish,neutral
CF,2021-09-15,2021-10-27,30,42.0692,52.5985,0.25028,2502.83,1,signal,rsi|macd|obv|mfi,bullish,neutral
WMB,2021-09-16,2021-11-19,46,20.8921,22.3231,0.0685,684.95,1,signal,mfi,bullish,neutral
ADP,2021-10-12,2022-01-06,60,183.9671,218.8922,0.18984,1898.44,1,max_hold,macd,bullish,neutral
CNP,2021-10-12,2021-12-01,35,22.7601,23.425,0.02921,292.12,1,signal,macd|mfi,bullish,neutral
IVZ,2021-10-12,2021-11-22,29,20.1189,19.9695,-0.00743,-74.29,0,signal,obv|mfi,bullish,neutral
CHD,2021-10-20,2021-10-26,4,79.0466,78.9891,-0.00073,-7.28,0,signal,rsi|obv|cmf,bullish,bearish
ECL,2021-10-20,2021-11-30,28,208.9287,214.1239,0.02487,248.66,1,signal,mfi,bullish,neutral
PPL,2021-10-20,2021-11-15,18,24.6252,24.3652,-0.01056,-105.59,0,signal,macd,bullish,neutral
AMAT,2021-10-26,2022-01-21,60,132.0559,132.1034,0.00036,3.6,1,max_hold,obv,bullish,neutral
BF-B,2021-10-26,2021-11-01,4,62.5529,62.5359,-0.00027,-2.71,0,signal,rsi|macd,neutral,bearish
IQV,2021-11-08,2022-01-10,43,248.9429,253.0399,0.01646,164.58,1,signal,mfi,bullish,neutral
JNJ,2021-11-17,2021-11-23,4,142.5564,140.1178,-0.01711,-171.06,0,signal,obv|cmf,bullish,neutral
SYF,2021-11-18,2021-11-22,2,44.0182,43.7241,-0.00668,-66.82,0,signal,obv|cmf,bullish,neutral
DOW,2021-11-19,2021-11-22,1,44.2736,44.2255,-0.00109,-10.87,0,signal,cmf,neutral,neutral
CPB,2021-11-22,2021-12-01,6,34.0743,33.9386,-0.00398,-39.83,0,signal,macd,bearish,bearish
AWK,2021-11-29,2021-12-02,3,155.7868,152.7663,-0.01939,-193.88,0,signal,rsi|macd|mfi|cmf,bullish,neutral
LII,2021-12-02,2021-12-28,17,285.7926,303.7494,0.06283,628.32,1,signal,rsi|macd|mfi|cmf,bullish,neutral
DUK,2021-12-10,2022-01-19,26,84.8218,85.4653,0.00759,75.87,1,signal,macd,bullish,neutral
RMD,2021-12-15,2021-12-21,4,246.5949,243.163,-0.01392,-139.17,0,signal,rsi|macd|obv,bullish,neutral
WMT,2021-12-17,2021-12-20,1,45.0534,43.4615,-0.03533,-353.33,0,signal,mfi,neutral,neutral
AIG,2021-12-27,2022-02-01,25,51.2445,52.146,0.01759,175.92,1,signal,macd|obv|mfi|cmf,bullish,neutral
MET,2021-12-28,2022-03-08,48,54.459,54.8165,0.00657,65.66,1,signal,cmf,bullish,neutral
CASY,2022-01-05,2022-01-18,8,191.0562,184.7397,-0.03306,-330.61,0,signal,rsi|mfi,neutral,neutral
RL,2022-01-11,2022-01-13,2,106.3288,106.3677,0.00037,3.65,1,signal,macd|cmf,bullish,neutral
BNY,2022-02-18,2022-02-24,3,50.703,45.7696,-0.0973,-973.0,0,signal,obv|mfi|cmf,bullish,neutral
NTRS,2022-02-18,2022-03-02,7,102.9984,93.8401,-0.08892,-889.17,0,stop,obv,bullish,neutral
MRK,2022-03-11,2022-06-07,60,68.3531,79.1397,0.15781,1578.07,1,max_hold,macd,bullish,neutral
AVB,2022-03-15,2022-04-28,31,208.2953,206.6571,-0.00786,-78.65,0,signal,rsi|macd|cmf,bullish,neutral
EME,2022-03-17,2022-03-28,7,115.8917,113.2589,-0.02272,-227.18,0,signal,mfi|cmf,bullish,neutral
O,2022-03-24,2022-06-14,56,53.4666,51.0467,-0.04526,-452.61,0,signal,macd,bullish,neutral
PEP,2022-03-29,2022-05-06,27,145.9132,147.1719,0.00863,86.26,1,signal,mfi,bullish,neutral
STZ,2022-03-30,2022-05-19,35,213.8289,217.7478,0.01833,183.28,1,signal,cmf,bullish,neutral
AMD,2022-04-01,2022-04-12,7,110.6457,98.6318,-0.10858,-1085.8,0,stop,obv,neutral,neutral
EA,2022-04-06,2022-04-07,1,122.6757,121.9958,-0.00554,-55.43,0,signal,macd|mfi,neutral,bearish
CBOE,2022-04-25,2022-04-27,2,108.9862,106.597,-0.02192,-219.22,0,signal,macd|mfi,neutral,bearish
WAB,2022-05-09,2022-05-10,1,86.6623,85.7396,-0.01065,-106.47,0,signal,rsi|macd|obv|mfi,bullish,neutral
FSLR,2022-06-02,2022-06-14,8,70.9563,63.7143,-0.10206,-1020.63,0,stop,mfi,neutral,bearish
STZ,2022-06-03,2022-06-06,1,227.5409,226.424,-0.00491,-49.08,0,signal,obv|mfi|cmf,bullish,bullish
STZ,2022-06-07,2022-06-10,3,226.185,220.7943,-0.02383,-238.33,0,signal,obv|mfi|cmf,bullish,bullish
NXPI,2022-06-09,2022-06-14,3,163.7337,156.7423,-0.0427,-427.0,0,signal,cmf,neutral,neutral
FISV,2022-06-10,2022-06-13,1,94.151,91.7422,-0.02558,-255.85,0,signal,cmf,neutral,bearish
MA,2022-06-10,2022-08-24,51,333.755,332.1425,-0.00483,-48.31,0,signal,cmf,neutral,bearish
SYY,2022-06-10,2022-06-14,2,72.6015,71.6493,-0.01311,-131.15,0,signal,macd|mfi,bullish,neutral
V,2022-06-10,2022-06-14,2,195.8399,186.6065,-0.04715,-471.48,0,signal,rsi|mfi,neutral,bearish
STZ,2022-07-01,2022-07-06,2,216.4517,221.2387,0.02212,221.16,1,signal,cmf,bullish,neutral
TMO,2022-07-06,2022-07-19,9,539.3224,521.4967,-0.03305,-330.52,0,signal,cmf,neutral,neutral
FOXA,2022-07-11,2022-08-30,36,31.3208,32.6685,0.04303,430.3,1,signal,mfi|cmf,neutral,bearish
GDDY,2022-07-13,2022-10-06,60,68.743,77.1142,0.12178,1217.75,1,max_hold,rsi,neutral,bearish
GILD,2022-07-20,2022-07-22,2,54.2855,53.3308,-0.01759,-175.87,0,signal,mfi|cmf,neutral,neutral
CHRW,2022-07-26,2022-07-27,1,91.5,90.8257,-0.00737,-73.7,0,signal,macd|mfi|cmf,bullish,neutral
GILD,2022-08-10,2022-11-03,60,54.5562,68.0732,0.24776,2477.63,1,max_hold,mfi,neutral,neutral
IBM,2022-08-15,2022-08-31,12,116.4177,113.4151,-0.02579,-257.91,0,signal,cmf,bullish,neutral
KHC,2022-08-18,2022-08-31,9,31.1013,30.837,-0.0085,-85.0,0,signal,rsi,neutral,neutral
AMGN,2022-08-24,2022-08-26,2,216.9654,216.7418,-0.00103,-10.31,0,signal,rsi,bullish,neutral
HAS,2022-08-31,2022-09-19,12,67.7819,63.4204,-0.06435,-643.46,0,signal,rsi|macd|obv|mfi|cmf,neutral,bearish
ROST,2022-09-21,2022-09-26,3,85.647,81.4161,-0.0494,-493.99,0,signal,cmf,bearish,neutral
MRNA,2022-10-19,2022-10-21,2,132.6988,123.5843,-0.06868,-686.85,0,stop,mfi|cmf,neutral,bearish
SYF,2022-10-20,2022-12-16,40,29.1169,30.555,0.04939,493.9,1,signal,cmf,neutral,bearish
TXN,2022-11-01,2022-12-16,32,146.6517,152.3046,0.03855,385.47,1,signal,rsi|mfi|cmf,neutral,neutral
CVS,2022-11-03,2022-11-18,11,84.5107,83.6885,-0.00973,-97.28,0,signal,rsi|mfi,bullish,neutral
HRL,2022-11-04,2022-12-12,25,40.4569,41.2286,0.01907,190.73,1,signal,cmf,neutral,bearish
JKHY,2022-12-07,2022-12-12,3,175.6556,173.2921,-0.01346,-134.55,0,signal,obv|cmf,neutral,neutral
CDNS,2022-12-13,2022-12-29,11,174.5715,159.3506,-0.08719,-871.9,0,signal,cmf,bullish,bullish
VST,2022-12-23,2023-01-04,6,22.4183,21.2722,-0.05112,-511.21,0,signal,cmf,bullish,bullish
AIZ,2023-01-10,2023-02-28,33,118.4823,120.5365,0.01734,173.38,1,signal,obv|cmf,neutral,bearish
PAYX,2023-01-13,2023-01-30,10,106.9287,100.461,-0.06049,-604.86,0,signal,cmf,neutral,neutral
TXN,2023-01-18,2023-02-10,17,159.424,157.8011,-0.01018,-101.8,0,signal,cmf,neutral,bullish
J,2023-02-09,2023-02-10,1,98.1605,96.9065,-0.01278,-127.75,0,signal,mfi|cmf,neutral,neutral
TYL,2023-03-01,2023-03-06,3,320.2296,330.8829,0.03327,332.68,1,signal,rsi|macd|obv|mfi|cmf,neutral,neutral
NEE,2023-03-23,2023-04-28,25,67.1905,68.4785,0.01917,191.69,1,signal,macd|obv|mfi,neutral,bearish
KDP,2023-03-29,2023-04-18,13,32.2242,32.4665,0.00752,75.19,1,signal,rsi|macd|mfi,neutral,bearish
RMD,2023-03-30,2023-04-04,3,209.5686,212.7735,0.01529,152.93,1,signal,mfi|cmf,neutral,bearish
BRO,2023-03-31,2023-05-26,39,56.0074,61.62,0.10021,1002.12,1,signal,mfi,neutral,neutral
ICE,2023-04-03,2023-04-27,17,100.3823,100.8862,0.00502,50.2,1,signal,macd|mfi,neutral,neutral
TEL,2023-04-05,2023-04-27,15,119.4528,113.9376,-0.04617,-461.71,0,signal,rsi|macd|obv|mfi,neutral,neutral
DHR,2023-04-06,2023-04-26,13,217.0268,199.217,-0.08206,-820.62,0,signal,macd|mfi,neutral,bearish
IP,2023-04-11,2023-04-26,11,31.2913,29.9937,-0.04147,-414.68,0,signal,macd|mfi,bearish,bearish
O,2023-04-11,2023-04-19,6,52.5253,50.8346,-0.03219,-321.88,0,signal,rsi|macd|mfi,neutral,bearish
WMB,2023-04-12,2023-04-27,11,26.6529,25.7246,-0.03483,-348.29,0,signal,obv,neutral,neutral
JBHT,2023-04-21,2023-04-27,4,175.5923,161.3489,-0.08112,-811.16,0,signal,mfi,neutral,neutral
ADBE,2023-05-02,2023-05-05,3,374.9215,338.4715,-0.09722,-972.2,0,stop,cmf,bearish,neutral
KLAC,2023-05-05,2023-08-02,60,37.1333,49.1205,0.32281,3228.15,1,max_hold,rsi|macd|cmf,bullish,neutral
STZ,2023-05-10,2023-08-07,60,212.8224,252.3042,0.18552,1855.15,1,max_hold,cmf,neutral,neutral
UDR,2023-05-17,2023-05-25,6,35.5572,34.5141,-0.02934,-293.36,0,signal,cmf,neutral,neutral
PAYX,2023-05-22,2023-06-01,7,98.6992,95.7716,-0.02966,-296.62,0,signal,cmf,neutral,bearish
ADBE,2023-05-23,2023-07-21,40,372.3677,520.9674,0.39907,3990.67,1,signal,cmf,neutral,neutral
BA,2023-05-24,2023-05-26,2,201.622,201.2976,-0.00161,-16.09,0,signal,rsi|macd|obv|mfi,neutral,neutral
FTV,2023-05-24,2023-07-28,44,48.0564,57.2085,0.19045,1904.47,1,signal,obv,bullish,neutral
BG,2023-06-02,2023-08-29,60,84.3891,104.8454,0.2424,2424.05,1,max_hold,mfi,neutral,bearish
APH,2023-06-05,2023-08-17,51,37.8975,42.1563,0.11238,1123.77,1,signal,mfi,bullish,neutral
NEE,2023-06-21,2023-06-29,6,68.245,66.423,-0.0267,-266.99,0,signal,macd,neutral,bearish
PSX,2023-06-21,2023-06-23,2,84.0288,81.0746,-0.03516,-351.57,0,signal,cmf,neutral,neutral
OXY,2023-07-10,2023-08-28,35,55.575,58.8645,0.05919,591.89,1,signal,cmf,neutral,bearish
NKE,2023-08-02,2023-08-15,9,101.8762,99.4979,-0.02334,-233.44,0,signal,cmf,neutral,bearish
SBUX,2023-08-14,2023-08-17,3,93.8553,92.1958,-0.01768,-176.81,0,signal,rsi|obv|mfi,bullish,bullish
STT,2023-08-15,2023-09-08,17,64.4527,63.3745,-0.01673,-167.29,0,signal,mfi,neutral,bearish
ALL,2023-09-06,2023-11-30,60,101.5273,128.1383,0.26211,2621.07,1,max_hold,rsi|macd|cmf,neutral,bearish
DOV,2023-09-06,2023-09-12,4,139.1638,135.0967,-0.02923,-292.25,0,signal,cmf,bullish,neutral
GDDY,2023-09-06,2023-10-24,34,72.9693,74.0088,0.01425,142.46,1,signal,rsi|macd,neutral,neutral
CHD,2023-09-07,2023-09-25,12,91.7083,91.395,-0.00342,-34.17,0,signal,macd|mfi,bullish,neutral
NI,2023-09-12,2023-09-26,10,24.8789,24.3191,-0.0225,-225.01,0,signal,rsi|macd|obv|mfi|cmf,bullish,neutral
MSI,2023-09-19,2023-09-26,5,279.8591,266.9898,-0.04599,-459.85,0,signal,rsi|macd|obv|mfi,bullish,neutral
UNH,2023-09-22,2023-12-18,60,472.1968,500.8927,0.06077,607.71,1,max_hold,macd,neutral,neutral
CTAS,2023-10-20,2023-10-30,6,123.0212,121.8872,-0.00922,-92.18,0,signal,obv,bullish,bullish
CVX,2023-10-23,2023-10-25,2,145.5201,139.4337,-0.04183,-418.25,0,signal,cmf,bullish,bullish
RSG,2023-10-24,2024-01-22,60,140.8991,164.3457,0.16641,1664.07,1,max_hold,mfi|cmf,bullish,neutral
BSX,2023-11-03,2024-02-01,60,53.0795,64.3733,0.21277,2127.71,1,max_hold,obv|mfi|cmf,bullish,neutral
CVS,2023-11-09,2023-11-15,4,62.2779,62.0823,-0.00314,-31.41,0,signal,rsi,bearish,bearish
PNW,2023-12-18,2023-12-20,2,66.5413,65.3071,-0.01855,-185.48,0,signal,cmf,neutral,neutral
MOS,2024-01-05,2024-01-09,2,33.0969,32.4166,-0.02056,-205.55,0,signal,mfi,neutral,neutral
WMB,2024-01-12,2024-01-17,2,32.1876,31.1626,-0.03185,-318.45,0,signal,obv|mfi|cmf,bullish,neutral
BDX,2024-02-05,2024-03-01,18,177.1973,175.4961,-0.0096,-96.01,0,signal,mfi|cmf,neutral,bearish
UNH,2024-02-15,2024-02-29,9,491.2218,471.9151,-0.0393,-393.04,0,signal,cmf,bullish,neutral
SBUX,2024-02-16,2024-03-05,11,87.9657,86.7602,-0.0137,-137.04,0,signal,rsi|macd|obv|mfi|cmf,neutral,bearish
HSY,2024-02-20,2024-02-28,6,179.9483,174.7086,-0.02912,-291.18,0,signal,rsi,neutral,neutral
ALB,2024-02-27,2024-03-06,6,122.5085,105.695,-0.13724,-1372.44,0,stop,rsi|macd|mfi|cmf,bearish,bearish
FE,2024-02-27,2024-03-01,3,33.4744,33.274,-0.00599,-59.88,0,signal,obv|cmf,neutral,neutral
SNA,2024-03-06,2024-04-16,28,268.1626,267.6039,-0.00208,-20.84,0,signal,obv|mfi,bullish,neutral
CMCSA,2024-03-13,2024-04-03,14,37.4895,36.2047,-0.03427,-342.7,0,signal,mfi,bullish,neutral
CPB,2024-03-14,2024-03-18,2,38.5684,38.4438,-0.00323,-32.3,0,signal,rsi|macd|obv|mfi|cmf,bearish,neutral
LH,2024-04-02,2024-04-03,1,210.8967,205.8386,-0.02398,-239.84,0,signal,macd|obv,neutral,neutral
CPB,2024-04-15,2024-04-16,1,38.664,38.8942,0.00595,59.52,1,signal,macd,bearish,neutral
PCG,2024-04-16,2024-06-18,44,16.031,17.461,0.08921,892.06,1,signal,rsi|macd|mfi|cmf,neutral,bearish
HSY,2024-05-02,2024-07-30,60,183.0353,179.8439,-0.01744,-174.36,0,max_hold,obv|cmf,neutral,neutral
CRWD,2024-05-07,2024-07-12,45,316.1836,367.6477,0.16277,1627.67,1,signal,cmf,bullish,neutral
DLR,2024-05-09,2024-05-24,11,132.6424,133.619,0.00736,73.62,1,signal,mfi|cmf,bullish,neutral
USB,2024-05-13,2024-05-21,6,38.5447,37.4044,-0.02958,-295.82,0,signal,cmf,neutral,neutral
TMUS,2024-05-15,2024-08-12,60,157.3966,187.7,0.19253,1925.29,1,max_hold,mfi,bullish,neutral
CIEN,2024-05-16,2024-05-31,10,49.7545,47.9879,-0.03551,-355.07,0,signal,macd,bullish,neutral
EXPD,2024-05-21,2024-07-09,32,114.577,117.3958,0.0246,246.02,1,signal,macd|mfi,bullish,neutral
UPS,2024-05-23,2024-05-24,1,126.7846,124.0006,-0.02196,-219.58,0,signal,rsi|mfi|cmf,bearish,bearish
REG,2024-05-24,2024-08-21,60,54.6584,65.1438,0.19183,1918.35,1,max_hold,rsi|macd|obv|mfi|cmf,neutral,bearish
CF,2024-05-30,2024-06-13,10,73.6337,71.7241,-0.02593,-259.34,0,signal,macd,bullish,bearish
CIEN,2024-06-03,2024-06-06,3,48.9032,52.5011,0.07357,735.71,1,signal,macd,neutral,neutral
ELV,2024-06-20,2024-07-09,12,509.8995,507.5633,-0.00458,-45.82,0,signal,cmf,bullish,neutral
L,2024-06-27,2024-07-01,2,74.4911,74.6354,0.00194,19.38,1,signal,obv|cmf,bullish,neutral
MA,2024-06-28,2024-07-02,2,440.1027,429.2712,-0.02461,-246.11,0,signal,macd|mfi|cmf,bullish,neutral
FITB,2024-07-08,2024-10-01,60,34.0499,40.4612,0.18829,1882.92,1,max_hold,macd|cmf,bullish,neutral
STT,2024-07-09,2024-08-06,20,69.7844,72.8628,0.04411,441.12,1,signal,mfi|cmf,bullish,neutral
FISV,2024-07-11,2024-08-06,18,149.4639,155.2568,0.03876,387.58,1,signal,rsi|macd|obv|mfi|cmf,bullish,neutral
A,2024-07-19,2024-10-14,60,130.3553,142.0485,0.0897,897.03,1,max_hold,macd|obv|mfi|cmf,neutral,neutral
AIG,2024-07-22,2024-07-25,3,71.525,72.3611,0.01169,116.9,1,signal,cmf,bullish,neutral
GIS,2024-07-25,2024-10-08,52,60.4436,66.7176,0.1038,1038.0,1,signal,macd|obv|mfi|cmf,neutral,neutral
NWS,2024-07-25,2024-08-02,6,27.9873,27.1746,-0.02904,-290.38,0,signal,macd,bullish,bullish
ELV,2024-08-01,2024-08-08,5,515.4133,499.7554,-0.03038,-303.79,0,signal,cmf,bullish,neutral
BDX,2024-08-08,2024-09-12,24,175.2884,176.1287,0.00479,47.94,1,signal,rsi|macd|mfi|cmf,neutral,neutral
GEHC,2024-08-13,2024-09-12,21,83.0606,86.6244,0.04291,429.06,1,signal,obv|mfi|cmf,bullish,bullish
WM,2024-08-23,2024-09-12,13,204.4907,200.8066,-0.01802,-180.16,0,signal,obv,bullish,neutral
STZ,2024-08-26,2024-10-04,28,234.4647,232.4417,-0.00863,-86.28,0,signal,macd|obv|mfi|cmf,neutral,bearish
TXT,2024-08-26,2024-09-10,10,90.2323,86.7031,-0.03911,-391.12,0,signal,mfi,bullish,neutral
PTC,2024-08-27,2024-09-04,5,175.2124,172.8603,-0.01342,-134.24,0,signal,macd,bullish,neutral
APTV,2024-08-29,2024-09-09,6,70.6959,68.3074,-0.03379,-337.85,0,signal,rsi|macd|obv|mfi|cmf,bearish,bearish
CSX,2024-09-09,2024-10-08,21,32.7534,32.8111,0.00176,17.59,1,signal,rsi|obv,neutral,neutral
CSGP,2024-09-25,2024-10-10,11,76.4645,74.7677,-0.02219,-221.91,0,signal,obv|cmf,neutral,neutral
GPC,2024-10-04,2024-10-08,2,129.6913,126.0481,-0.02809,-280.91,0,signal,cmf,neutral,bearish
LYB,2024-10-09,2024-10-10,1,82.4479,82.5419,0.00114,11.41,1,signal,obv|cmf,neutral,neutral
VRSN,2024-10-24,2024-10-28,2,183.3079,179.6507,-0.01995,-199.51,0,signal,obv|cmf,bearish,neutral
QCOM,2024-11-12,2024-11-13,1,161.1523,156.5723,-0.02842,-284.2,0,signal,obv,neutral,neutral
VRSN,2024-11-13,2024-11-19,4,181.1868,174.6049,-0.03633,-363.27,0,signal,obv|cmf,bearish,neutral
CSGP,2024-11-15,2024-11-18,1,75.0724,71.243,-0.05101,-510.1,0,signal,macd|cmf,neutral,bearish
SLB,2024-12-05,2024-12-06,1,41.2434,39.9617,-0.03108,-310.77,0,signal,cmf,neutral,neutral
RMD,2024-12-06,2024-12-16,6,237.4561,234.9531,-0.01054,-105.41,0,signal,cmf,bullish,neutral
ADI,2025-01-13,2025-01-14,1,205.0472,208.1634,0.0152,151.98,1,signal,obv,bullish,neutral
ACGL,2025-01-17,2025-02-13,18,96.3243,88.5769,-0.08043,-804.3,0,signal,rsi|macd|obv|mfi|cmf,bullish,neutral
HRL,2025-01-28,2025-02-11,10,29.5597,27.1258,-0.08234,-823.35,0,signal,macd,bearish,neutral
ROL,2025-01-28,2025-04-24,60,48.449,53.0417,0.0948,947.96,1,max_hold,macd,bullish,neutral
XEL,2025-01-29,2025-03-11,28,63.3515,66.1341,0.04392,439.22,1,signal,macd|obv|mfi|cmf,bullish,neutral
JKHY,2025-01-30,2025-02-12,9,169.8685,166.3888,-0.02048,-204.85,0,signal,obv|cmf,bullish,neutral
INVH,2025-02-07,2025-04-08,41,30.1666,30.6003,0.01438,143.75,1,signal,macd|mfi|cmf,neutral,bearish
RMD,2025-02-07,2025-02-10,1,234.7703,235.2681,0.00212,21.2,1,signal,obv,bullish,neutral
MKC,2025-02-18,2025-02-19,1,74.1194,73.3766,-0.01002,-100.22,0,signal,obv|cmf,bullish,bullish
UDR,2025-02-26,2025-03-25,19,41.414,41.8557,0.01067,106.65,1,signal,obv|mfi|cmf,bullish,bullish
DLTR,2025-03-03,2025-03-04,1,72.7189,66.8596,-0.08058,-805.75,0,signal,obv,bearish,neutral
AVY,2025-03-04,2025-03-13,7,179.1039,172.0951,-0.03913,-391.32,0,signal,rsi,neutral,bearish
L,2025-03-11,2025-03-12,1,84.6641,83.9228,-0.00876,-87.56,0,signal,cmf,bullish,bullish
ALLE,2025-04-04,2025-04-07,1,122.2023,119.8918,-0.01891,-189.07,0,signal,rsi|macd|obv|mfi,neutral,bearish
FE,2025-04-08,2025-04-09,1,37.3754,36.1713,-0.03221,-322.15,0,signal,obv,bullish,neutral
DLTR,2025-04-10,2025-07-09,60,72.2983,104.2833,0.4424,4424.04,1,max_hold,rsi|macd|obv|cmf,bearish,neutral
XEL,2025-04-17,2025-04-22,2,67.1578,66.9182,-0.00357,-35.68,0,signal,rsi|obv|mfi|cmf,bullish,bullish
PG,2025-04-22,2025-04-25,3,161.464,155.1763,-0.03894,-389.42,0,signal,rsi|macd|obv|mfi|cmf,neutral,neutral
XEL,2025-04-28,2025-05-13,11,66.5893,65.1122,-0.02218,-221.83,0,signal,rsi|obv|mfi|cmf,bullish,neutral
CL,2025-04-29,2025-05-14,11,88.587,85.3902,-0.03609,-360.86,0,signal,rsi|obv|cmf,neutral,neutral
MAA,2025-04-29,2025-05-22,17,152.8068,150.1153,-0.01761,-176.14,0,signal,mfi,bullish,neutral
SYK,2025-04-29,2025-06-18,35,364.0189,369.9401,0.01627,162.66,1,signal,cmf,bullish,neutral
AMCR,2025-04-30,2025-05-01,1,44.4391,43.9236,-0.0116,-116.0,0,signal,rsi|cmf,neutral,bearish
ECL,2025-05-01,2025-06-12,29,246.7932,265.5582,0.07604,760.35,1,signal,cmf,bullish,neutral
LIN,2025-05-01,2025-05-28,18,430.903,457.7692,0.06235,623.49,1,signal,cmf,bullish,neutral
BR,2025-05-02,2025-07-14,48,226.1007,229.5656,0.01532,153.25,1,signal,rsi|macd|obv|mfi|cmf,bullish,neutral
UDR,2025-05-02,2025-05-15,9,41.2214,39.4209,-0.04368,-436.8,0,signal,rsi,bullish,neutral
FOXA,2025-05-13,2025-06-16,23,52.34,53.657,0.02516,251.61,1,signal,rsi|macd|obv|mfi|cmf,bullish,neutral
MRSH,2025-05-19,2025-06-10,15,227.7446,218.0587,-0.04253,-425.3,0,signal,rsi,bullish,neutral
CPT,2025-05-23,2025-05-27,1,109.8971,109.5871,-0.00282,-28.21,0,signal,mfi,neutral,neutral
LNT,2025-06-05,2025-06-10,3,58.9232,58.6886,-0.00398,-39.81,0,signal,obv,bullish,neutral
CB,2025-06-11,2025-06-18,5,283.2767,281.6614,-0.0057,-57.02,0,signal,obv|mfi,bullish,neutral
UDR,2025-06-12,2025-06-18,4,39.74,39.0683,-0.0169,-169.03,0,signal,rsi|cmf,neutral,neutral
DOC,2025-06-16,2025-07-28,28,16.2208,16.525,0.01875,187.54,1,signal,rsi|macd|cmf,bearish,bearish
JKHY,2025-06-17,2025-07-14,17,177.4413,172.1098,-0.03005,-300.47,0,signal,obv|mfi,bullish,bullish
LMT,2025-06-17,2025-06-30,8,459.084,446.7124,-0.02695,-269.49,0,signal,cmf,neutral,neutral
INVH,2025-06-23,2025-06-27,4,32.4112,31.8765,-0.0165,-164.98,0,signal,cmf,bullish,neutral
KDP,2025-06-26,2025-06-27,1,32.0543,31.9488,-0.00329,-32.9,0,signal,rsi|macd|obv|mfi|cmf,neutral,neutral
NI,2025-07-03,2025-07-09,3,38.4031,38.0838,-0.00831,-83.14,0,signal,obv,bullish,bullish
WTW,2025-07-03,2025-08-29,40,302.2137,323.6279,0.07086,708.58,1,signal,macd|obv|mfi|cmf,bullish,neutral
KO,2025-07-08,2025-07-22,10,68.8365,67.436,-0.02035,-203.46,0,signal,macd|mfi|cmf,bullish,bullish
LOW,2025-07-08,2025-07-16,6,220.0576,211.026,-0.04104,-410.42,0,signal,rsi|macd|obv|mfi|cmf,neutral,neutral
CL,2025-07-11,2025-07-29,12,87.9716,85.1185,-0.03243,-324.32,0,signal,rsi|obv,neutral,bearish
CMCSA,2025-07-16,2025-07-18,2,31.5517,31.5387,-0.00041,-4.15,0,signal,rsi|mfi|cmf,bearish,neutral
KDP,2025-07-16,2025-07-22,4,31.9667,32.4352,0.01466,146.56,1,signal,obv,bullish,neutral
POOL,2025-07-16,2025-09-24,49,286.624,305.8788,0.06718,671.78,1,signal,rsi,bearish,bearish
FE,2025-07-21,2025-10-14,60,39.2371,45.6514,0.16347,1634.75,1,max_hold,macd|mfi|cmf,bullish,neutral
EQR,2025-07-24,2025-07-31,5,66.1688,62.6982,-0.05245,-524.52,0,signal,rsi,neutral,neutral
O,2025-07-29,2025-08-01,3,54.3872,53.9412,-0.0082,-82.0,0,signal,obv,bullish,bullish
PNW,2025-07-29,2025-07-30,1,85.399,86.5262,0.0132,132.0,1,signal,obv,bullish,neutral
O,2025-08-07,2025-10-13,46,54.5438,55.9917,0.02655,265.47,1,signal,macd|cmf,bullish,bullish
ABT,2025-08-08,2025-09-11,23,129.9358,127.4727,-0.01896,-189.57,0,signal,obv,bullish,neutral
COST,2025-08-08,2025-08-26,12,974.486,935.9616,-0.03953,-395.33,0,signal,macd,bullish,neutral
KO,2025-08-15,2025-08-26,7,67.921,67.0379,-0.013,-130.03,0,signal,macd,bullish,neutral
RVTY,2025-08-26,2025-09-04,6,92.1314,82.8184,-0.10108,-1010.85,0,signal,mfi|cmf,bearish,bearish
GIS,2025-09-16,2025-09-18,2,47.0947,46.8102,-0.00604,-60.41,0,signal,mfi|cmf,bearish,bearish
SOLV,2025-09-25,2025-09-26,1,71.1766,70.7737,-0.00566,-56.61,0,signal,rsi|macd,neutral,neutral
MRSH,2025-10-07,2025-10-17,8,200.449,184.6475,-0.07883,-788.31,0,signal,mfi,neutral,bearish
REG,2025-10-07,2025-10-09,2,69.032,69.2515,0.00318,31.79,1,signal,cmf,bullish,neutral
SOLV,2025-10-08,2025-10-09,1,72.108,72.1117,5e-05,0.51,1,signal,rsi|macd,neutral,neutral
AWK,2025-10-14,2025-10-28,10,137.3551,134.928,-0.01767,-176.7,0,signal,obv,bullish,neutral
KR,2025-10-14,2025-10-31,13,66.9903,63.8011,-0.04761,-476.07,0,signal,mfi,bullish,neutral
CME,2025-10-17,2025-10-30,9,255.228,254.869,-0.00141,-14.06,0,signal,rsi|macd,bullish,neutral
DLR,2025-10-20,2025-10-30,8,172.2765,163.1011,-0.05326,-532.6,0,signal,obv,bullish,bullish
COST,2025-10-21,2025-10-29,6,933.5578,913.7491,-0.02122,-212.19,0,signal,cmf,neutral,bearish
NRG,2025-10-23,2025-11-18,18,160.4939,160.1262,-0.00229,-22.91,0,signal,mfi|cmf,bullish,neutral
V,2025-10-30,2025-11-03,2,340.6457,338.4145,-0.00655,-65.5,0,signal,macd|obv|mfi,bullish,neutral
PYPL,2025-10-31,2025-11-14,10,67.7854,63.4642,-0.06375,-637.47,0,signal,obv|mfi|cmf,bearish,neutral
ABNB,2025-11-05,2026-01-20,50,122.183,127.6383,0.04465,446.48,1,signal,cmf,bearish,bearish
EQIX,2025-11-13,2025-11-14,1,798.96,770.763,-0.03529,-352.92,0,signal,obv|cmf,neutral,neutral
ABT,2025-11-18,2025-11-25,5,129.464,125.6701,-0.0293,-293.05,0,signal,obv,bullish,neutral
ABT,2025-11-26,2025-12-04,5,126.83,123.5968,-0.02549,-254.92,0,signal,rsi|macd|obv|mfi|cmf,bullish,neutral
ICE,2025-11-26,2026-02-05,47,154.5346,167.2634,0.08237,823.69,1,signal,cmf,neutral,bearish
VLTO,2025-11-28,2025-12-11,9,101.5482,97.6395,-0.03849,-384.91,0,signal,macd|mfi|cmf,bullish,bearish
MKC,2025-12-03,2026-01-06,22,64.8912,64.6854,-0.00317,-31.72,0,signal,obv,bearish,bearish
MET,2025-12-09,2026-01-12,22,77.6523,77.4295,-0.00287,-28.69,0,signal,rsi|mfi|cmf,bullish,neutral
SCHW,2025-12-09,2026-02-11,43,93.5683,100.0605,0.06938,693.85,1,signal,obv|cmf,bullish,neutral
KIM,2026-01-05,2026-03-23,53,19.6528,22.46,0.14284,1428.42,1,signal,rsi|macd,neutral,bearish
ESS,2026-01-06,2026-01-08,2,249.6738,246.6242,-0.01221,-122.14,0,signal,obv|mfi|cmf,neutral,bearish
KMI,2026-01-07,2026-03-19,49,26.4272,32.4409,0.22756,2275.56,1,signal,mfi,bullish,neutral
AFL,2026-01-12,2026-01-13,1,108.5921,107.585,-0.00927,-92.74,0,signal,rsi|macd|mfi|cmf,bullish,neutral
DOC,2026-01-15,2026-02-10,17,16.792,16.432,-0.02144,-214.43,0,signal,mfi,neutral,neutral
MS,2026-04-06,2026-06-18,52,165.2408,222.8352,0.34855,3485.48,1,eod,mfi|cmf,bullish,neutral
ZTS,2026-04-15,2026-04-24,7,121.3946,115.836,-0.04579,-457.9,0,signal,rsi|macd,bearish,neutral
CINF,2026-04-16,2026-05-05,13,163.2445,159.1509,-0.02508,-250.76,0,signal,obv|mfi,bullish,neutral
RCL,2026-04-16,2026-04-22,4,282.7995,270.201,-0.04455,-445.49,0,signal,rsi|macd|cmf,bullish,neutral
PGR,2026-04-21,2026-05-04,9,204.4863,198.7015,-0.02829,-282.89,0,signal,obv|mfi,neutral,neutral
PHM,2026-04-21,2026-05-04,9,132.228,117.6533,-0.11022,-1102.24,0,stop,cmf,bullish,neutral
VST,2026-04-23,2026-04-30,5,156.1939,156.0556,-0.00089,-8.86,0,signal,rsi|obv|mfi,neutral,bearish
WRB,2026-05-04,2026-05-11,5,66.119,65.921,-0.003,-29.96,0,signal,rsi|cmf,neutral,bearish
AMT,2026-05-12,2026-05-14,2,173.1986,172.7193,-0.00277,-27.67,0,signal,rsi|obv|cmf,bearish,neutral
EVRG,2026-05-18,2026-06-04,12,80.7057,81.6773,0.01204,120.38,1,signal,macd|mfi,bullish,neutral
ACGL,2026-05-21,2026-05-27,3,96.4044,94.9573,-0.01501,-150.1,0,signal,obv|cmf,bullish,neutral
AMGN,2026-05-28,2026-06-18,15,336.9447,337.0936,0.00044,4.42,1,eod,cmf,bullish,neutral
L,2026-05-28,2026-05-29,1,106.2491,104.3233,-0.01813,-181.26,0,signal,rsi|macd|obv|mfi|cmf,bullish,neutral
EMR,2026-05-29,2026-06-18,14,142.4634,150.434,0.05595,559.49,1,eod,mfi,bullish,neutral
SO,2026-05-29,2026-06-01,1,92.6388,91.1331,-0.01625,-162.53,0,signal,cmf,bullish,neutral
PG,2026-06-01,2026-06-02,1,141.7323,139.9098,-0.01286,-128.59,0,signal,obv|mfi,neutral,bearish
ES,2026-06-02,2026-06-04,2,66.9803,68.6569,0.02503,250.3,1,signal,mfi,bullish,neutral
TXT,2026-06-02,2026-06-18,12,89.9255,89.3358,-0.00656,-65.58,0,eod,obv|cmf,bullish,neutral
VST,2026-06-02,2026-06-09,5,156.1739,148.1974,-0.05107,-510.75,0,signal,cmf,neutral,bearish
CHD,2026-06-04,2026-06-18,10,94.802,95.4866,0.00722,72.21,1,eod,rsi|obv,bullish,neutral
SPGI,2026-06-09,2026-06-18,7,415.7527,410.3036,-0.01311,-131.07,0,eod,cmf,neutral,bearish
ORLY,2026-06-17,2026-06-18,1,89.9347,86.7097,-0.03586,-358.59,0,eod,macd|cmf,neutral,bearish
SO,2026-06-18,2026-06-18,0,92.6388,92.9504,0.00336,33.64,1,eod,cmf,bullish,neutral
